<?xml version="1.0" encoding="UTF-8"?>
<beans:beans xmlns="http://www.springframework.org/schema/mvc"
	xmlns:xsi="http://www.w3.org/2001/XMLSchema-instance"
	xmlns:beans="http://www.springframework.org/schema/beans"
	xmlns:context="http://www.springframework.org/schema/context"
	xsi:schemaLocation="http://www.springframework.org/schema/mvc https://www.springframework.org/schema/mvc/spring-mvc.xsd
		http://www.springframework.org/schema/beans https://www.springframework.org/schema/beans/spring-beans.xsd
		http://www.springframework.org/schema/context https://www.springframework.org/schema/context/spring-context.xsd">

	<!-- DispatcherServlet Context: defines this servlet's request-processing infrastructure -->
	
	<!-- Enables the Spring MVC @Controller programming model -->
	<annotation-driven />

	<!-- Handles HTTP GET requests for /resources/** by efficiently serving up static resources in the ${webappRoot}/resources directory -->
	<resources mapping="/resources/**" location="/resources/" />

	<!-- Resolves views selected for rendering by @Controllers to .jsp resources in the /WEB-INF/views directory -->
	<beans:bean class="org.springframework.web.servlet.view.InternalResourceViewResolver">
		<beans:property name="prefix" value="/WEB-INF/" />
		<beans:property name="suffix" value=".jsp" />
	</beans:bean>
	
	<context:component-scan base-package="com.ptconnect.myapp" />
	
	<beans:bean id="authInterceptor" class="com.ptconnect.myapp.interceptor.AuthInterceptor">
	</beans:bean>
	<beans:bean id="devAuthInterceptor" class="com.ptconnect.myapp.interceptor.devAuthInterceptor">
	</beans:bean>
	<beans:bean id="userAuthInterceptor" class="com.ptconnect.myapp.interceptor.UserAuthInterceptor">
	</beans:bean>
	<beans:bean id="NonmemberAuthInterceptor" class="com.ptconnect.myapp.interceptor.NonmemberAuthInterceptor">
	</beans:bean>
	<beans:bean id="trainerAuthInterceptor" class="com.ptconnect.myapp.interceptor.TrainerAuthInterceptor">
	</beans:bean>
	<beans:bean id="TrainerInfoInterceptor" class="com.ptconnect.myapp.interceptor.TrainerInfoInterceptor">
	</beans:bean>
	<beans:bean id="adminAuthInterceptor" class="com.ptconnect.myapp.interceptor.AdminAuthInterceptor">
	</beans:bean>
	<beans:bean id="PwdAuthInterceptor" class="com.ptconnect.myapp.interceptor.PwdAuthInterceptor">
	</beans:bean>
	
	<beans:bean id="loginInterceptor" class="com.ptconnect.myapp.interceptor.LoginInterceptor">
	</beans:bean>
	<beans:bean id="TrainerNumberInterceptor" class="com.ptconnect.myapp.interceptor.TrainerNumberInterceptor">
	</beans:bean>
	
	<!-- 파일업로드시 multipart 받는 reslover 클래스 사용 -->
	<beans:bean id="multipartResolver" 
	class="org.springframework.web.multipart.commons.CommonsMultipartResolver">
	<beans:property name="maxUploadSize" value="10485760" />	
	</beans:bean>	
	
	<interceptors>
		<interceptor>
			<mapping path="/admin/admin_login" />
			<beans:ref bean="authInterceptor" />
		</interceptor>
		<interceptor>
			<mapping path="/userChat" />
			<mapping path="/userReview" />
			<mapping path="/userPoint" />
			<mapping path="/trainerChat" />
			<mapping path="/trainerSchedule" />
<!-- 			어드민 -->
			<mapping path="/admin/admin_coupon_list" />
			<mapping path="/admin/admin_coupon_modify" />
			<mapping path="/admin/admin_coupon" />
<!-- 			<mapping path="/admin/admin_FAQ_modify" /> -->
<!-- 			<mapping path="/admin/admin_FAQ_write" /> -->
<!-- 			<mapping path="/admin/admin_FAQ" /> -->
<!-- 			<mapping path="/admin/admin_notice_detail" /> -->
<!-- 			<mapping path="/admin/admin_notice_modify" /> -->
<!-- 			<mapping path="/admin/admin_notice_write" /> -->
<!-- 			<mapping path="/admin/admin_notice" /> -->
			<mapping path="/admin/admin_point_detail" />
			<mapping path="/admin/admin_point" />
			<mapping path="/admin/admin_review" />
			<mapping path="/admin/customerChatList" />
			<mapping path="/admin/managerChatList" />
			<mapping path="/admin/penaltyUserManagement" />
			<mapping path="/admin/reportList" />
			<mapping path="/admin/userManagement" />
			<beans:ref bean="devAuthInterceptor" />
		</interceptor>	
		<interceptor>
			<mapping path="/userInfo" />
			<mapping path="/userPwdModify" />
			<mapping path="/userOrderList" />
			<mapping path="/userPoint" />
			<mapping path="/userReview" />
			<mapping path="/userChat" />
			<beans:ref bean="userAuthInterceptor" />
		</interceptor>	
		<interceptor>
			<mapping path="/userPwdModify" />
			<mapping path="/trainerPwdModify" />
			<mapping path="/centerPwdModify" />
			<mapping path="/pwdModifyAction" />
			<beans:ref bean="PwdAuthInterceptor" />
		</interceptor>	
		<interceptor>
			<mapping path="/nonMemberMypage" />
			<beans:ref bean="NonmemberAuthInterceptor" />
		</interceptor>	
		<interceptor>
			<mapping path="/trainerInfo" />
			<mapping path="/trainerInfoWrite" />
			<mapping path="/trainerChat" />
			<mapping path="/trainerInfoModify" />
			<mapping path="/trainerSales" />
			<mapping path="/trainerSchedule" />
			<beans:ref bean="trainerAuthInterceptor" />
		</interceptor>	
		<interceptor>
			<mapping path="/trainerInfoWrite" />
			<mapping path="/trainerInfoModify" />
			<beans:ref bean="TrainerInfoInterceptor" />
		</interceptor>	
		<interceptor>
			<mapping path="/admin/*" />
			<exclude-mapping path="/admin/admin_login"/>
			<beans:ref bean="adminAuthInterceptor" />
		</interceptor>	
		<interceptor>
			<mapping path="/login" />
			<beans:ref bean="loginInterceptor" />
		</interceptor>
		<interceptor>
			<mapping path="/trainerInfoView" />
			<beans:ref bean="TrainerNumberInterceptor" />
		</interceptor>	
	</interceptors>	
	
	
</beans:beans>
